<?xml version="1.0" encoding="UTF-8"?>
<project-private xmlns="http://www.netbeans.org/ns/project-private/1">
    <editor-bookmarks xmlns="http://www.netbeans.org/ns/editor-bookmarks/2" lastBookmarkId="0"/>
    <open-files xmlns="http://www.netbeans.org/ns/projectui-open-files/2">
        <group>
            <file>file:/C:/Users/Djordje/Desktop/SAB-projekat/src/rs/etf/sab/student/sd160457_GeneralOperations.java</file>
            <file>file:/C:/Users/Djordje/Desktop/SAB-projekat/src/rs/etf/sab/student/StudentMain.java</file>
            <file>file:/C:/Users/Djordje/Desktop/SAB-projekat/src/rs/etf/sab/student/sd160457_DriveOperation.java</file>
        </group>
    </open-files>
</project-private>
